MiB,numfiles,delay,N,fpt,run,seconds
1,1,0,1,1,1,1.4891808032989502
1,1,0,1,1,2,1.480849266052246
1,1,0,1,1,3,1.4850904941558838
1,1,0,1,1,4,1.4863696098327637
1,1,0,1,1,5,1.4786169528961182
1,1,0,1,3,1,1.4898390769958496
1,1,0,1,3,2,1.4716341495513916
1,1,0,1,3,3,1.468017578125
1,1,0,1,3,4,1.4895131587982178
1,1,0,1,3,5,1.5475554466247559
1,1,0,2,1,1,1.5297491550445557
1,1,0,2,1,2,1.5413594245910645
1,1,0,2,1,3,1.5633952617645264
1,1,0,2,1,4,1.5523614883422852
1,1,0,2,1,5,1.5632660388946533
1,1,0,2,3,1,1.552433967590332
1,1,0,2,3,2,1.5603103637695312
1,1,0,2,3,3,1.559579610824585
1,1,0,2,3,4,1.6079180240631104
1,1,0,2,3,5,1.5909171104431152
1,1,0,3,1,1,1.5198397636413574
1,1,0,3,1,2,1.5306761264801025
1,1,0,3,1,3,1.520625352859497
1,1,0,3,1,4,1.489090919494629
1,1,0,3,1,5,1.493387222290039
1,1,0,3,3,1,1.4892246723175049
1,1,0,3,3,2,1.5314185619354248
1,1,0,3,3,3,1.4843659400939941
1,1,0,3,3,4,1.4746804237365723
1,1,0,3,3,5,1.4735302925109863
1,1,0,4,1,1,1.4729440212249756
1,1,0,4,1,2,1.5493817329406738
1,1,0,4,1,3,1.4770848751068115
1,1,0,4,1,4,1.4648654460906982
1,1,0,4,1,5,1.5006752014160156
1,1,0,4,3,1,1.4809844493865967
1,1,0,4,3,2,1.486825942993164
1,1,0,4,3,3,1.4770846366882324
1,1,0,4,3,4,1.4726152420043945
1,1,0,4,3,5,1.4752190113067627
1,1,0,8,1,1,1.4613964557647705
1,1,0,8,1,2,1.4955599308013916
1,1,0,8,1,3,1.4689371585845947
1,1,0,8,1,4,1.4728789329528809
1,1,0,8,1,5,1.4675097465515137
1,1,0,8,3,1,1.4784822463989258
1,1,0,8,3,2,1.4823739528656006
1,1,0,8,3,3,1.464550256729126
1,1,0,8,3,4,1.4739115238189697
1,1,0,8,3,5,1.4839186668395996
1,1,50,1,1,1,3.4765102863311768
1,1,50,1,1,2,3.4880964756011963
1,1,50,1,1,3,3.4871063232421875
1,1,50,1,1,4,3.5039308071136475
1,1,50,1,1,5,3.5009095668792725
1,1,50,1,3,1,3.4828696250915527
1,1,50,1,3,2,3.4791064262390137
1,1,50,1,3,3,3.4757397174835205
1,1,50,1,3,4,3.5096435546875
1,1,50,1,3,5,3.4791247844696045
1,1,50,2,1,1,4.4792375564575195
1,1,50,2,1,2,4.5111143589019775
1,1,50,2,1,3,4.4866042137146
1,1,50,2,1,4,4.48005485534668
1,1,50,2,1,5,4.500684499740601
1,1,50,2,3,1,4.482676982879639
1,1,50,2,3,2,4.507509469985962
1,1,50,2,3,3,4.50034499168396
1,1,50,2,3,4,4.55363655090332
1,1,50,2,3,5,4.482681512832642
1,1,50,3,1,1,4.4757304191589355
1,1,50,3,1,2,4.480869293212891
1,1,50,3,1,3,4.487368822097778
1,1,50,3,1,4,4.489835977554321
1,1,50,3,1,5,4.547666549682617
1,1,50,3,3,1,4.555974245071411
1,1,50,3,3,2,4.568295478820801
1,1,50,3,3,3,4.539634466171265
1,1,50,3,3,4,4.534389972686768
1,1,50,3,3,5,4.496061086654663
1,1,50,4,1,1,4.502213954925537
1,1,50,4,1,2,4.508692502975464
1,1,50,4,1,3,4.485904693603516
1,1,50,4,1,4,4.482801914215088
1,1,50,4,1,5,4.478096008300781
1,1,50,4,3,1,4.477976560592651
1,1,50,4,3,2,4.488204002380371
1,1,50,4,3,3,4.486148834228516
1,1,50,4,3,4,4.492558002471924
1,1,50,4,3,5,4.4877612590789795
1,1,50,8,1,1,5.486011981964111
1,1,50,8,1,2,5.48570704460144
1,1,50,8,1,3,5.476377248764038
1,1,50,8,1,4,5.478108644485474
1,1,50,8,1,5,5.483859062194824
1,1,50,8,3,1,5.483396053314209
1,1,50,8,3,2,5.492094993591309
1,1,50,8,3,3,5.51155948638916
1,1,50,8,3,4,5.5014967918396
1,1,50,8,3,5,5.496521234512329
1,1,100,1,1,1,6.499540090560913
1,1,100,1,1,2,6.484121084213257
1,1,100,1,1,3,6.532102584838867
1,1,100,1,1,4,6.489207029342651
1,1,100,1,1,5,6.478637456893921
1,1,100,1,3,1,6.49264121055603
1,1,100,1,3,2,6.505444288253784
1,1,100,1,3,3,6.493850946426392
1,1,100,1,3,4,6.486738204956055
1,1,100,1,3,5,6.4883270263671875
1,1,100,2,1,1,6.490238904953003
1,1,100,2,1,2,6.4838972091674805
1,1,100,2,1,3,6.477180004119873
1,1,100,2,1,4,6.500228643417358
1,1,100,2,1,5,6.500582695007324
1,1,100,2,3,1,6.495316505432129
1,1,100,2,3,2,6.481310606002808
1,1,100,2,3,3,6.490681171417236
1,1,100,2,3,4,6.500316381454468
1,1,100,2,3,5,6.5013463497161865
1,1,100,3,1,1,7.49098539352417
1,1,100,3,1,2,7.5047056674957275
1,1,100,3,1,3,7.483635902404785
1,1,100,3,1,4,7.490293979644775
1,1,100,3,1,5,7.507651329040527
1,1,100,3,3,1,7.49155592918396
1,1,100,3,3,2,7.499776124954224
1,1,100,3,3,3,7.478825092315674
1,1,100,3,3,4,7.489157676696777
1,1,100,3,3,5,7.5089240074157715
1,1,100,4,1,1,8.50108790397644
1,1,100,4,1,2,8.504211664199829
1,1,100,4,1,3,8.491191148757935
1,1,100,4,1,4,8.487356901168823
1,1,100,4,1,5,8.493629932403564
1,1,100,4,3,1,15.504939317703247
1,1,100,4,3,2,8.499346494674683
1,1,100,4,3,3,8.536679029464722
1,1,100,4,3,4,8.478735446929932
1,1,100,4,3,5,8.499446630477905
1,1,100,8,1,1,10.50199007987976
1,1,100,8,1,2,10.503779411315918
1,1,100,8,1,3,10.52280855178833
1,1,100,8,1,4,10.520359992980957
1,1,100,8,1,5,10.511754274368286
1,1,100,8,3,1,10.51576042175293
1,1,100,8,3,2,10.502475023269653
1,1,100,8,3,3,10.500639915466309
1,1,100,8,3,4,10.505352258682251
1,1,100,8,3,5,10.503049850463867
1,15,0,1,1,1,1.4697210788726807
1,15,0,1,1,2,1.4913899898529053
1,15,0,1,1,3,1.4856891632080078
1,15,0,1,1,4,1.4861130714416504
1,15,0,1,1,5,1.4654183387756348
1,15,0,1,3,1,1.4639489650726318
1,15,0,1,3,2,1.4667303562164307
1,15,0,1,3,3,1.4637842178344727
1,15,0,1,3,4,1.4771931171417236
1,15,0,1,3,5,1.4687793254852295
1,15,0,2,1,1,1.467606544494629
1,15,0,2,1,2,1.4718880653381348
1,15,0,2,1,3,1.499866008758545
1,15,0,2,1,4,1.483633279800415
1,15,0,2,1,5,1.4679999351501465
1,15,0,2,3,1,1.4823219776153564
1,15,0,2,3,2,1.4862077236175537
1,15,0,2,3,3,1.4784431457519531
1,15,0,2,3,4,1.4738447666168213
1,15,0,2,3,5,1.4775006771087646
1,15,0,3,1,1,1.482832670211792
1,15,0,3,1,2,1.4633636474609375
1,15,0,3,1,3,1.4855961799621582
1,15,0,3,1,4,1.4841649532318115
1,15,0,3,1,5,1.473362922668457
1,15,0,3,3,1,1.473012924194336
1,15,0,3,3,2,1.4775280952453613
1,15,0,3,3,3,1.4745476245880127
1,15,0,3,3,4,1.4789519309997559
1,15,0,3,3,5,1.5320112705230713
1,15,0,4,1,1,1.4812493324279785
1,15,0,4,1,2,1.4576873779296875
1,15,0,4,1,3,1.4651679992675781
1,15,0,4,1,4,1.473109483718872
1,15,0,4,1,5,1.4713447093963623
1,15,0,4,3,1,1.4864161014556885
1,15,0,4,3,2,1.4683139324188232
1,15,0,4,3,3,1.478313684463501
1,15,0,4,3,4,1.4739341735839844
1,15,0,4,3,5,1.4736742973327637
1,15,0,8,1,1,1.4614932537078857
1,15,0,8,1,2,1.4703600406646729
1,15,0,8,1,3,1.4843676090240479
1,15,0,8,1,4,1.486335039138794
1,15,0,8,1,5,1.4786338806152344
1,15,0,8,3,1,1.4888560771942139
1,15,0,8,3,2,1.460125207901001
1,15,0,8,3,3,1.4791741371154785
1,15,0,8,3,4,1.469398021697998
1,15,0,8,3,5,1.4896748065948486
1,15,50,1,1,1,9.499995708465576
1,15,50,1,1,2,9.493997812271118
1,15,50,1,1,3,9.482432126998901
1,15,50,1,1,4,9.515002965927124
1,15,50,1,1,5,9.484438180923462
1,15,50,1,3,1,9.50180721282959
1,15,50,1,3,2,9.5129873752594
1,15,50,1,3,3,9.552965641021729
1,15,50,1,3,4,9.522732973098755
1,15,50,1,3,5,9.507770776748657
1,15,50,2,1,1,10.509063959121704
1,15,50,2,1,2,10.512356519699097
1,15,50,2,1,3,10.530702829360962
1,15,50,2,1,4,10.516405582427979
1,15,50,2,1,5,10.499817371368408
1,15,50,2,3,1,10.498179912567139
1,15,50,2,3,2,10.495118141174316
1,15,50,2,3,3,10.494156122207642
1,15,50,2,3,4,10.515132665634155
1,15,50,2,3,5,10.499891757965088
1,15,50,3,1,1,11.502966165542603
1,15,50,3,1,2,11.49341630935669
1,15,50,3,1,3,11.498442888259888
1,15,50,3,1,4,11.519020557403564
1,15,50,3,1,5,11.511053085327148
1,15,50,3,3,1,11.505820035934448
1,15,50,3,3,2,11.525244235992432
1,15,50,3,3,3,11.511590480804443
1,15,50,3,3,4,11.527674198150635
1,15,50,3,3,5,11.516976118087769
1,15,50,4,1,1,12.515520811080933
1,15,50,4,1,2,12.494505643844604
1,15,50,4,1,3,12.522145509719849
1,15,50,4,1,4,12.509039163589478
1,15,50,4,1,5,12.530414342880249
1,15,50,4,3,1,12.51890778541565
1,15,50,4,3,2,12.529077529907227
1,15,50,4,3,3,12.506619215011597
1,15,50,4,3,4,12.52106785774231
1,15,50,4,3,5,12.535614728927612
1,15,50,8,1,1,15.515938520431519
1,15,50,8,1,2,15.531232595443726
1,15,50,8,1,3,15.511903524398804
1,15,50,8,1,4,15.520286083221436
1,15,50,8,1,5,15.527761459350586
1,15,50,8,3,1,15.530153512954712
1,15,50,8,3,2,15.515100240707397
1,15,50,8,3,3,15.51159119606018
1,15,50,8,3,4,15.521481275558472
1,15,50,8,3,5,15.51409363746643
1,15,100,1,1,1,17.525771617889404
1,15,100,1,1,2,17.52901577949524
1,15,100,1,1,3,17.529545783996582
1,15,100,1,1,4,17.513975858688354
1,15,100,1,1,5,17.519805431365967
1,15,100,1,3,1,17.517363786697388
1,15,100,1,3,2,17.54167342185974
1,15,100,1,3,3,17.513328790664673
1,15,100,1,3,4,17.518703937530518
1,15,100,1,3,5,17.521098613739014
1,15,100,2,1,1,19.53595519065857
1,15,100,2,1,2,19.532665252685547
1,15,100,2,1,3,19.53191590309143
1,15,100,2,1,4,19.529459714889526
1,15,100,2,1,5,19.541062116622925
1,15,100,2,3,1,19.54638409614563
1,15,100,2,3,2,19.55220651626587
1,15,100,2,3,3,19.536112070083618
1,15,100,2,3,4,19.532841205596924
1,15,100,2,3,5,19.54838728904724
1,15,100,3,1,1,20.55164122581482
1,15,100,3,1,2,20.524223804473877
1,15,100,3,1,3,20.55215358734131
1,15,100,3,1,4,20.52636218070984
1,15,100,3,1,5,20.529953479766846
1,15,100,3,3,1,20.558467864990234
1,15,100,3,3,2,20.534671783447266
1,15,100,3,3,3,20.55025291442871
1,15,100,3,3,4,20.54218888282776
1,15,100,3,3,5,20.547242403030396
1,15,100,4,1,1,22.52925419807434
1,15,100,4,1,2,22.541865587234497
1,15,100,4,1,3,22.550029516220093
1,15,100,4,1,4,22.56122851371765
1,15,100,4,1,5,22.52327799797058
1,15,100,4,3,1,22.551583766937256
1,15,100,4,3,2,22.536067724227905
1,15,100,4,3,3,22.5528404712677
1,15,100,4,3,4,22.54643988609314
1,15,100,4,3,5,22.54817843437195
1,15,100,8,1,1,29.57586407661438
1,15,100,8,1,2,29.55256962776184
1,15,100,8,1,3,29.55112600326538
1,15,100,8,1,4,29.582130908966064
1,15,100,8,1,5,29.56835103034973
1,15,100,8,3,1,29.555042266845703
1,15,100,8,3,2,29.569493532180786
1,15,100,8,3,3,29.567269802093506
1,15,100,8,3,4,29.555527925491333
1,15,100,8,3,5,29.56842589378357
5,1,0,1,1,1,1.472198724746704
5,1,0,1,1,2,1.4817562103271484
5,1,0,1,1,3,1.5003812313079834
5,1,0,1,1,4,1.4693584442138672
5,1,0,1,1,5,1.4808931350708008
5,1,0,1,3,1,1.4641563892364502
5,1,0,1,3,2,1.4725406169891357
5,1,0,1,3,3,1.4695062637329102
5,1,0,1,3,4,1.4852306842803955
5,1,0,1,3,5,1.47001314163208
5,1,0,2,1,1,1.4686024188995361
5,1,0,2,1,2,1.5052995681762695
5,1,0,2,1,3,1.4669578075408936
5,1,0,2,1,4,1.483637809753418
5,1,0,2,1,5,1.4822359085083008
5,1,0,2,3,1,1.4674503803253174
5,1,0,2,3,2,1.474968671798706
5,1,0,2,3,3,1.4822752475738525
5,1,0,2,3,4,1.4624416828155518
5,1,0,2,3,5,1.4771666526794434
5,1,0,3,1,1,1.46445894241333
5,1,0,3,1,2,1.467242956161499
5,1,0,3,1,3,1.484496831893921
5,1,0,3,1,4,1.502953290939331
5,1,0,3,1,5,1.4972808361053467
5,1,0,3,3,1,1.49580979347229
5,1,0,3,3,2,1.4661922454833984
5,1,0,3,3,3,1.4806759357452393
5,1,0,3,3,4,1.4847798347473145
5,1,0,3,3,5,1.4906415939331055
5,1,0,4,1,1,1.4703526496887207
5,1,0,4,1,2,1.4712538719177246
5,1,0,4,1,3,1.4629757404327393
5,1,0,4,1,4,1.4736900329589844
5,1,0,4,1,5,1.4789271354675293
5,1,0,4,3,1,1.475440502166748
5,1,0,4,3,2,1.4710004329681396
5,1,0,4,3,3,1.4778611660003662
5,1,0,4,3,4,1.5611655712127686
5,1,0,4,3,5,1.464980125427246
5,1,0,8,1,1,1.4886987209320068
5,1,0,8,1,2,1.4765114784240723
5,1,0,8,1,3,1.4776625633239746
5,1,0,8,1,4,1.484382152557373
5,1,0,8,1,5,1.4688868522644043
5,1,0,8,3,1,1.4800465106964111
5,1,0,8,3,2,1.483943223953247
5,1,0,8,3,3,1.4922780990600586
5,1,0,8,3,4,1.4745442867279053
5,1,0,8,3,5,1.488685131072998
5,1,50,1,1,1,3.497422695159912
5,1,50,1,1,2,3.5020012855529785
5,1,50,1,1,3,5.502276659011841
5,1,50,1,1,4,3.487100601196289
5,1,50,1,1,5,3.4789888858795166
5,1,50,1,3,1,3.4816110134124756
5,1,50,1,3,2,3.4879190921783447
5,1,50,1,3,3,3.470710039138794
5,1,50,1,3,4,3.4776577949523926
5,1,50,1,3,5,3.503784418106079
5,1,50,2,1,1,4.478756904602051
5,1,50,2,1,2,4.484961748123169
5,1,50,2,1,3,4.49602198600769
5,1,50,2,1,4,4.481666803359985
5,1,50,2,1,5,4.477720022201538
5,1,50,2,3,1,4.53580117225647
5,1,50,2,3,2,4.499389410018921
5,1,50,2,3,3,4.517098665237427
5,1,50,2,3,4,4.4993085861206055
5,1,50,2,3,5,4.491064071655273
5,1,50,3,1,1,4.484442949295044
5,1,50,3,1,2,4.482183933258057
5,1,50,3,1,3,4.500061750411987
5,1,50,3,1,4,4.493120193481445
5,1,50,3,1,5,4.500484228134155
5,1,50,3,3,1,4.483809232711792
5,1,50,3,3,2,4.505277872085571
5,1,50,3,3,3,4.495009183883667
5,1,50,3,3,4,4.479329824447632
5,1,50,3,3,5,4.489150285720825
5,1,50,4,1,1,4.484565019607544
5,1,50,4,1,2,4.494094610214233
5,1,50,4,1,3,4.472035646438599
5,1,50,4,1,4,4.480329513549805
5,1,50,4,1,5,4.50372314453125
5,1,50,4,3,1,4.514021396636963
5,1,50,4,3,2,4.5028791427612305
5,1,50,4,3,3,4.485620021820068
5,1,50,4,3,4,4.486365556716919
5,1,50,4,3,5,4.482366323471069
5,1,50,8,1,1,5.490931749343872
5,1,50,8,1,2,5.48130464553833
5,1,50,8,1,3,5.4920594692230225
5,1,50,8,1,4,5.500017404556274
5,1,50,8,1,5,5.500340700149536
5,1,50,8,3,1,5.491784334182739
5,1,50,8,3,2,5.495015859603882
5,1,50,8,3,3,5.488737106323242
5,1,50,8,3,4,5.552130699157715
5,1,50,8,3,5,5.497556447982788
5,1,100,1,1,1,6.486389398574829
5,1,100,1,1,2,6.50644850730896
5,1,100,1,1,3,6.489611387252808
5,1,100,1,1,4,6.4977147579193115
5,1,100,1,1,5,6.501300573348999
5,1,100,1,3,1,6.514214038848877
5,1,100,1,3,2,6.5008251667022705
5,1,100,1,3,3,6.476618051528931
5,1,100,1,3,4,6.512190103530884
5,1,100,1,3,5,6.502076625823975
5,1,100,2,1,1,6.495745897293091
5,1,100,2,1,2,6.49396014213562
5,1,100,2,1,3,6.500962972640991
5,1,100,2,1,4,6.4947216510772705
5,1,100,2,1,5,6.5061280727386475
5,1,100,2,3,1,6.4926676750183105
5,1,100,2,3,2,6.483686685562134
5,1,100,2,3,3,6.511809349060059
5,1,100,2,3,4,6.4989800453186035
5,1,100,2,3,5,6.489765167236328
5,1,100,3,1,1,7.507779836654663
5,1,100,3,1,2,7.485478639602661
5,1,100,3,1,3,7.523454666137695
5,1,100,3,1,4,7.486111164093018
5,1,100,3,1,5,7.496559381484985
5,1,100,3,3,1,7.501828670501709
5,1,100,3,3,2,7.490990877151489
5,1,100,3,3,3,7.50885534286499
5,1,100,3,3,4,7.490082025527954
5,1,100,3,3,5,7.4928138256073
5,1,100,4,1,1,8.513538122177124
5,1,100,4,1,2,8.509374618530273
5,1,100,4,1,3,8.485365629196167
5,1,100,4,1,4,8.494020462036133
5,1,100,4,1,5,8.502100706100464
5,1,100,4,3,1,8.50251317024231
5,1,100,4,3,2,8.507277488708496
5,1,100,4,3,3,8.496153831481934
5,1,100,4,3,4,8.509698629379272
5,1,100,4,3,5,15.517234086990356
5,1,100,8,1,1,10.507906913757324
5,1,100,8,1,2,10.525748252868652
5,1,100,8,1,3,10.529899597167969
5,1,100,8,1,4,10.512900114059448
5,1,100,8,1,5,10.517528057098389
5,1,100,8,3,1,10.518865585327148
5,1,100,8,3,2,10.523264169692993
5,1,100,8,3,3,10.514668226242065
5,1,100,8,3,4,17.549037218093872
5,1,100,8,3,5,10.504758358001709
5,15,0,1,1,1,1.4793610572814941
5,15,0,1,1,2,1.475764513015747
5,15,0,1,1,3,1.4778358936309814
5,15,0,1,1,4,1.4624719619750977
5,15,0,1,1,5,1.4756264686584473
5,15,0,1,3,1,1.4773504734039307
5,15,0,1,3,2,1.4916510581970215
5,15,0,1,3,3,1.5265259742736816
5,15,0,1,3,4,1.463456392288208
5,15,0,1,3,5,1.4794368743896484
5,15,0,2,1,1,1.4892048835754395
5,15,0,2,1,2,1.4763963222503662
5,15,0,2,1,3,1.481572151184082
5,15,0,2,1,4,1.4768931865692139
5,15,0,2,1,5,1.4816949367523193
5,15,0,2,3,1,1.4700615406036377
5,15,0,2,3,2,1.4593136310577393
5,15,0,2,3,3,1.4648845195770264
5,15,0,2,3,4,1.4798691272735596
5,15,0,2,3,5,1.4759061336517334
5,15,0,3,1,1,1.473836898803711
5,15,0,3,1,2,1.4837207794189453
5,15,0,3,1,3,1.458116054534912
5,15,0,3,1,4,1.4794809818267822
5,15,0,3,1,5,1.4755048751831055
5,15,0,3,3,1,1.4679934978485107
5,15,0,3,3,2,1.4803447723388672
5,15,0,3,3,3,1.4765825271606445
5,15,0,3,3,4,1.4750041961669922
5,15,0,3,3,5,1.46665620803833
5,15,0,4,1,1,1.4791479110717773
5,15,0,4,1,2,1.4746391773223877
5,15,0,4,1,3,1.4796414375305176
5,15,0,4,1,4,1.4664497375488281
5,15,0,4,1,5,1.4672825336456299
5,15,0,4,3,1,1.4823753833770752
5,15,0,4,3,2,1.4759235382080078
5,15,0,4,3,3,1.470489740371704
5,15,0,4,3,4,1.4812991619110107
5,15,0,4,3,5,1.4746367931365967
5,15,0,8,1,1,1.4913384914398193
5,15,0,8,1,2,1.4749503135681152
5,15,0,8,1,3,1.4689304828643799
5,15,0,8,1,4,1.4722065925598145
5,15,0,8,1,5,1.46673583984375
5,15,0,8,3,1,1.473090648651123
5,15,0,8,3,2,1.5183618068695068
5,15,0,8,3,3,1.4830331802368164
5,15,0,8,3,4,1.480168104171753
5,15,0,8,3,5,1.486438512802124
5,15,50,1,1,1,9.496093511581421
5,15,50,1,1,2,9.493505477905273
5,15,50,1,1,3,9.482375383377075
5,15,50,1,1,4,9.482058763504028
5,15,50,1,1,5,9.498251914978027
5,15,50,1,3,1,9.514696836471558
5,15,50,1,3,2,9.50023865699768
5,15,50,1,3,3,9.490362167358398
5,15,50,1,3,4,9.514359474182129
5,15,50,1,3,5,9.526158332824707
5,15,50,2,1,1,10.508902311325073
5,15,50,2,1,2,10.489211320877075
5,15,50,2,1,3,10.499577045440674
5,15,50,2,1,4,10.52268099784851
5,15,50,2,1,5,10.506558179855347
5,15,50,2,3,1,10.510385513305664
5,15,50,2,3,2,10.517626285552979
5,15,50,2,3,3,10.500014543533325
5,15,50,2,3,4,10.506283283233643
5,15,50,2,3,5,10.505823612213135
5,15,50,3,1,1,11.5149667263031
5,15,50,3,1,2,11.530518531799316
5,15,50,3,1,3,11.508287191390991
5,15,50,3,1,4,11.507974863052368
5,15,50,3,1,5,11.51890516281128
5,15,50,3,3,1,11.532374143600464
5,15,50,3,3,2,11.533085823059082
5,15,50,3,3,3,11.5121750831604
5,15,50,3,3,4,11.51474404335022
5,15,50,3,3,5,11.51192307472229
5,15,50,4,1,1,12.509928226470947
5,15,50,4,1,2,12.506735563278198
5,15,50,4,1,3,12.503621816635132
5,15,50,4,1,4,12.522987365722656
5,15,50,4,1,5,12.519165992736816
5,15,50,4,3,1,12.513805389404297
5,15,50,4,3,2,12.523985385894775
5,15,50,4,3,3,12.510035753250122
5,15,50,4,3,4,12.508047819137573
5,15,50,4,3,5,12.500492572784424
5,15,50,8,1,1,15.517205953598022
5,15,50,8,1,2,15.54228687286377
5,15,50,8,1,3,15.526720762252808
5,15,50,8,1,4,15.504730224609375
5,15,50,8,1,5,15.534473657608032
5,15,50,8,3,1,15.525262117385864
5,15,50,8,3,2,15.521292924880981
5,15,50,8,3,3,15.525681734085083
5,15,50,8,3,4,15.521615266799927
5,15,50,8,3,5,15.511209726333618
5,15,100,1,1,1,17.549887657165527
5,15,100,1,1,2,17.529516220092773
5,15,100,1,1,3,17.51328420639038
5,15,100,1,1,4,17.526384830474854
5,15,100,1,1,5,17.51677656173706
5,15,100,1,3,1,17.52504801750183
5,15,100,1,3,2,17.53355121612549
5,15,100,1,3,3,17.535862922668457
5,15,100,1,3,4,17.53060507774353
5,15,100,1,3,5,17.531609058380127
5,15,100,2,1,1,19.525306224822998
5,15,100,2,1,2,19.533226013183594
5,15,100,2,1,3,19.52517342567444
5,15,100,2,1,4,19.53459334373474
5,15,100,2,1,5,19.535887241363525
5,15,100,2,3,1,19.531551361083984
5,15,100,2,3,2,19.524739503860474
5,15,100,2,3,3,19.52654719352722
5,15,100,2,3,4,19.54214835166931
5,15,100,2,3,5,19.52806305885315
5,15,100,3,1,1,20.55071449279785
5,15,100,3,1,2,20.59046697616577
5,15,100,3,1,3,20.602702379226685
5,15,100,3,1,4,20.54151153564453
5,15,100,3,1,5,20.543145179748535
5,15,100,3,3,1,20.530202865600586
5,15,100,3,3,2,20.54018211364746
5,15,100,3,3,3,20.5517520904541
5,15,100,3,3,4,20.551473379135132
5,15,100,3,3,5,20.525714635849
5,15,100,4,1,1,22.55064630508423
5,15,100,4,1,2,22.55974793434143
5,15,100,4,1,3,22.548362493515015
5,15,100,4,1,4,22.555002689361572
5,15,100,4,1,5,22.551459789276123
5,15,100,4,3,1,22.563448905944824
5,15,100,4,3,2,22.542644739151
5,15,100,4,3,3,22.550952672958374
5,15,100,4,3,4,22.533754110336304
5,15,100,4,3,5,22.55189824104309
5,15,100,8,1,1,29.57430076599121
5,15,100,8,1,2,29.57618546485901
5,15,100,8,1,3,29.578182220458984
5,15,100,8,1,4,29.55418300628662
5,15,100,8,1,5,29.57507038116455
5,15,100,8,3,1,29.571139097213745
5,15,100,8,3,2,29.56717801094055
5,15,100,8,3,3,29.568411111831665
5,15,100,8,3,4,29.572808504104614
5,15,100,8,3,5,29.63714098930359
10,1,0,1,1,1,1.4796037673950195
10,1,0,1,1,2,1.4741826057434082
10,1,0,1,1,3,1.496467113494873
10,1,0,1,1,4,1.4851672649383545
10,1,0,1,1,5,1.4715397357940674
10,1,0,1,3,1,1.4793992042541504
10,1,0,1,3,2,1.473869800567627
10,1,0,1,3,3,1.4937279224395752
10,1,0,1,3,4,1.4810738563537598
10,1,0,1,3,5,1.4738385677337646
10,1,0,2,1,1,1.488361120223999
10,1,0,2,1,2,1.490837812423706
10,1,0,2,1,3,1.473348617553711
10,1,0,2,1,4,1.4853758811950684
10,1,0,2,1,5,1.480320930480957
10,1,0,2,3,1,1.485105037689209
10,1,0,2,3,2,1.4749329090118408
10,1,0,2,3,3,1.4811170101165771
10,1,0,2,3,4,1.4892466068267822
10,1,0,2,3,5,1.473975658416748
10,1,0,3,1,1,1.4820787906646729
10,1,0,3,1,2,1.4760997295379639
10,1,0,3,1,3,1.4792563915252686
10,1,0,3,1,4,1.4807438850402832
10,1,0,3,1,5,1.478560209274292
10,1,0,3,3,1,1.4938764572143555
10,1,0,3,3,2,1.4719874858856201
10,1,0,3,3,3,1.494901418685913
10,1,0,3,3,4,1.485990047454834
10,1,0,3,3,5,1.492154836654663
10,1,0,4,1,1,1.4859235286712646
10,1,0,4,1,2,1.4938876628875732
10,1,0,4,1,3,1.4840357303619385
10,1,0,4,1,4,1.4898288249969482
10,1,0,4,1,5,1.4940288066864014
10,1,0,4,3,1,1.4816462993621826
10,1,0,4,3,2,1.4862263202667236
10,1,0,4,3,3,1.4766697883605957
10,1,0,4,3,4,1.4812514781951904
10,1,0,4,3,5,1.4865241050720215
10,1,0,8,1,1,1.500122308731079
10,1,0,8,1,2,1.5383296012878418
10,1,0,8,1,3,1.4838497638702393
10,1,0,8,1,4,1.4860217571258545
10,1,0,8,1,5,1.4836926460266113
10,1,0,8,3,1,1.4779863357543945
10,1,0,8,3,2,1.486830472946167
10,1,0,8,3,3,1.4811575412750244
10,1,0,8,3,4,1.4785137176513672
10,1,0,8,3,5,1.480973482131958
10,1,50,1,1,1,3.4755003452301025
10,1,50,1,1,2,3.506577968597412
10,1,50,1,1,3,3.482377767562866
10,1,50,1,1,4,3.492547035217285
10,1,50,1,1,5,3.473365545272827
10,1,50,1,3,1,3.482494831085205
10,1,50,1,3,2,3.4834067821502686
10,1,50,1,3,3,3.499319553375244
10,1,50,1,3,4,3.4957339763641357
10,1,50,1,3,5,3.480494976043701
10,1,50,2,1,1,4.487378358840942
10,1,50,2,1,2,4.494884014129639
10,1,50,2,1,3,4.485772609710693
10,1,50,2,1,4,4.523306369781494
10,1,50,2,1,5,4.488243341445923
10,1,50,2,3,1,4.482921600341797
10,1,50,2,3,2,4.497485399246216
10,1,50,2,3,3,4.500198602676392
10,1,50,2,3,4,4.479053974151611
10,1,50,2,3,5,4.4912497997283936
10,1,50,3,1,1,4.483182430267334
10,1,50,3,1,2,4.499220371246338
10,1,50,3,1,3,4.50550651550293
10,1,50,3,1,4,4.4765236377716064
10,1,50,3,1,5,4.500183820724487
10,1,50,3,3,1,4.47380805015564
10,1,50,3,3,2,4.480770111083984
10,1,50,3,3,3,4.494452238082886
10,1,50,3,3,4,4.505028247833252
10,1,50,3,3,5,4.48492431640625
10,1,50,4,1,1,4.490625381469727
10,1,50,4,1,2,4.489014625549316
10,1,50,4,1,3,4.490523338317871
10,1,50,4,1,4,4.498809576034546
10,1,50,4,1,5,4.491790294647217
10,1,50,4,3,1,8.50015139579773
10,1,50,4,3,2,4.479416608810425
10,1,50,4,3,3,4.4846251010894775
10,1,50,4,3,4,4.496780633926392
10,1,50,4,3,5,4.481324911117554
10,1,50,8,1,1,5.497955799102783
10,1,50,8,1,2,5.48091459274292
10,1,50,8,1,3,5.493166208267212
10,1,50,8,1,4,5.4987664222717285
10,1,50,8,1,5,5.5076048374176025
10,1,50,8,3,1,5.488935232162476
10,1,50,8,3,2,5.4928765296936035
10,1,50,8,3,3,5.4855921268463135
10,1,50,8,3,4,5.493510007858276
10,1,50,8,3,5,5.486185789108276
10,1,100,1,1,1,6.488426446914673
10,1,100,1,1,2,6.491647243499756
10,1,100,1,1,3,6.48002028465271
10,1,100,1,1,4,6.4865946769714355
10,1,100,1,1,5,6.501945495605469
10,1,100,1,3,1,6.490765571594238
10,1,100,1,3,2,6.490638017654419
10,1,100,1,3,3,6.513433218002319
10,1,100,1,3,4,6.485542058944702
10,1,100,1,3,5,6.491318464279175
10,1,100,2,1,1,6.510308742523193
10,1,100,2,1,2,6.506937026977539
10,1,100,2,1,3,6.493509531021118
10,1,100,2,1,4,6.505518436431885
10,1,100,2,1,5,6.5025224685668945
10,1,100,2,3,1,6.5130228996276855
10,1,100,2,3,2,6.502882242202759
10,1,100,2,3,3,6.502397060394287
10,1,100,2,3,4,6.494200944900513
10,1,100,2,3,5,6.507177829742432
10,1,100,3,1,1,7.507850646972656
10,1,100,3,1,2,7.506222248077393
10,1,100,3,1,3,7.497379302978516
10,1,100,3,1,4,7.500905752182007
10,1,100,3,1,5,7.492460012435913
10,1,100,3,3,1,7.500336647033691
10,1,100,3,3,2,7.4958813190460205
10,1,100,3,3,3,7.507053852081299
10,1,100,3,3,4,7.49501633644104
10,1,100,3,3,5,7.488021612167358
10,1,100,4,1,1,8.50377607345581
10,1,100,4,1,2,8.49994945526123
10,1,100,4,1,3,8.488306522369385
10,1,100,4,1,4,8.509099960327148
10,1,100,4,1,5,8.49745225906372
10,1,100,4,3,1,8.501627922058105
10,1,100,4,3,2,8.511586904525757
10,1,100,4,3,3,8.518738746643066
10,1,100,4,3,4,8.502134323120117
10,1,100,4,3,5,15.510517835617065
10,1,100,8,1,1,10.520060539245605
10,1,100,8,1,2,10.503541231155396
10,1,100,8,1,3,10.51208758354187
10,1,100,8,1,4,10.517691373825073
10,1,100,8,1,5,10.509124040603638
10,1,100,8,3,1,10.499185800552368
10,1,100,8,3,2,10.508168697357178
10,1,100,8,3,3,10.498224258422852
10,1,100,8,3,4,10.512730598449707
10,1,100,8,3,5,10.539186954498291
10,15,0,1,1,1,1.4880635738372803
10,15,0,1,1,2,1.4700875282287598
10,15,0,1,1,3,1.4770591259002686
10,15,0,1,1,4,1.5051286220550537
10,15,0,1,1,5,1.4671263694763184
10,15,0,1,3,1,1.4785380363464355
10,15,0,1,3,2,1.4886438846588135
10,15,0,1,3,3,1.4714624881744385
10,15,0,1,3,4,1.4849827289581299
10,15,0,1,3,5,1.4759197235107422
10,15,0,2,1,1,1.4791638851165771
10,15,0,2,1,2,1.4768586158752441
10,15,0,2,1,3,1.5462884902954102
10,15,0,2,1,4,1.4898452758789062
10,15,0,2,1,5,1.4876625537872314
10,15,0,2,3,1,1.4738399982452393
10,15,0,2,3,2,1.4876105785369873
10,15,0,2,3,3,1.4988391399383545
10,15,0,2,3,4,1.489675760269165
10,15,0,2,3,5,1.4872286319732666
10,15,0,3,1,1,1.483635425567627
10,15,0,3,1,2,1.4807322025299072
10,15,0,3,1,3,1.4854509830474854
10,15,0,3,1,4,1.475388526916504
10,15,0,3,1,5,1.4692127704620361
10,15,0,3,3,1,1.4960541725158691
10,15,0,3,3,2,1.4696135520935059
10,15,0,3,3,3,1.482936143875122
10,15,0,3,3,4,1.4757604598999023
10,15,0,3,3,5,1.4836859703063965
10,15,0,4,1,1,1.4750168323516846
10,15,0,4,1,2,1.466681957244873
10,15,0,4,1,3,1.4701964855194092
10,15,0,4,1,4,1.5002844333648682
10,15,0,4,1,5,1.4855918884277344
10,15,0,4,3,1,1.4711451530456543
10,15,0,4,3,2,1.498748540878296
10,15,0,4,3,3,1.4887328147888184
10,15,0,4,3,4,1.4944310188293457
10,15,0,4,3,5,1.4905757904052734
10,15,0,8,1,1,1.490478277206421
10,15,0,8,1,2,1.499669075012207
10,15,0,8,1,3,1.4828135967254639
10,15,0,8,1,4,1.4790327548980713
10,15,0,8,1,5,1.4714066982269287
10,15,0,8,3,1,1.4890553951263428
10,15,0,8,3,2,1.4741418361663818
10,15,0,8,3,3,1.4829432964324951
10,15,0,8,3,4,1.4844942092895508
10,15,0,8,3,5,1.477208137512207
10,15,50,1,1,1,9.493486642837524
10,15,50,1,1,2,9.489089727401733
10,15,50,1,1,3,9.511914253234863
10,15,50,1,1,4,9.504683017730713
10,15,50,1,1,5,9.504004955291748
10,15,50,1,3,1,9.501347064971924
10,15,50,1,3,2,9.499998807907104
10,15,50,1,3,3,9.496715068817139
10,15,50,1,3,4,9.511381149291992
10,15,50,1,3,5,9.508912801742554
10,15,50,2,1,1,10.512615442276001
10,15,50,2,1,2,10.500939846038818
10,15,50,2,1,3,10.496718168258667
10,15,50,2,1,4,10.52406120300293
10,15,50,2,1,5,10.508137941360474
10,15,50,2,3,1,10.500336647033691
10,15,50,2,3,2,10.517653465270996
10,15,50,2,3,3,10.504129886627197
10,15,50,2,3,4,10.515480041503906
10,15,50,2,3,5,10.513193607330322
10,15,50,3,1,1,11.49602198600769
10,15,50,3,1,2,11.496941328048706
10,15,50,3,1,3,11.501741170883179
10,15,50,3,1,4,11.51040530204773
10,15,50,3,1,5,11.51250696182251
10,15,50,3,3,1,11.500266790390015
10,15,50,3,3,2,11.527488708496094
10,15,50,3,3,3,11.50326418876648
10,15,50,3,3,4,11.51490068435669
10,15,50,3,3,5,11.516449213027954
10,15,50,4,1,1,12.502553224563599
10,15,50,4,1,2,12.506492853164673
10,15,50,4,1,3,12.511707305908203
10,15,50,4,1,4,12.52309250831604
10,15,50,4,1,5,12.504577159881592
10,15,50,4,3,1,12.5194091796875
10,15,50,4,3,2,12.510629892349243
10,15,50,4,3,3,12.5295889377594
10,15,50,4,3,4,12.524598598480225
10,15,50,4,3,5,12.517806768417358
10,15,50,8,1,1,15.53485655784607
10,15,50,8,1,2,15.533785820007324
10,15,50,8,1,3,15.532284259796143
10,15,50,8,1,4,15.535049200057983
10,15,50,8,1,5,15.520142793655396
10,15,50,8,3,1,15.517269372940063
10,15,50,8,3,2,15.509879112243652
10,15,50,8,3,3,15.511679649353027
10,15,50,8,3,4,15.525392770767212
10,15,50,8,3,5,15.510930299758911
10,15,100,1,1,1,17.523242473602295
10,15,100,1,1,2,17.53874921798706
10,15,100,1,1,3,17.538363456726074
10,15,100,1,1,4,17.523435354232788
10,15,100,1,1,5,17.547131776809692
10,15,100,1,3,1,17.53927731513977
10,15,100,1,3,2,17.521448135375977
10,15,100,1,3,3,17.534005641937256
10,15,100,1,3,4,17.53299617767334
10,15,100,1,3,5,17.524473190307617
10,15,100,2,1,1,19.54565167427063
10,15,100,2,1,2,19.536543607711792
10,15,100,2,1,3,19.530158519744873
10,15,100,2,1,4,19.526424646377563
10,15,100,2,1,5,19.55001425743103
10,15,100,2,3,1,19.55076575279236
10,15,100,2,3,2,19.546151161193848
10,15,100,2,3,3,19.547389268875122
10,15,100,2,3,4,19.528053045272827
10,15,100,2,3,5,19.53965711593628
10,15,100,3,1,1,20.535794496536255
10,15,100,3,1,2,20.539339303970337
10,15,100,3,1,3,20.566003561019897
10,15,100,3,1,4,20.537788152694702
10,15,100,3,1,5,20.535990238189697
10,15,100,3,3,1,20.559783220291138
10,15,100,3,3,2,20.538999319076538
10,15,100,3,3,3,20.547258377075195
10,15,100,3,3,4,20.552690505981445
10,15,100,3,3,5,20.56145930290222
10,15,100,4,1,1,22.536747217178345
10,15,100,4,1,2,22.540369987487793
10,15,100,4,1,3,22.548060417175293
10,15,100,4,1,4,22.542693853378296
10,15,100,4,1,5,22.545721530914307
10,15,100,4,3,1,22.551972150802612
10,15,100,4,3,2,22.55167055130005
10,15,100,4,3,3,22.551077127456665
10,15,100,4,3,4,22.564361572265625
10,15,100,4,3,5,22.54903554916382
10,15,100,8,1,1,29.555525541305542
10,15,100,8,1,2,29.568424940109253
10,15,100,8,1,3,29.55986261367798
10,15,100,8,1,4,29.564332246780396
10,15,100,8,1,5,29.567930936813354
10,15,100,8,3,1,29.568509101867676
10,15,100,8,3,2,29.57809829711914
10,15,100,8,3,3,29.591272115707397
10,15,100,8,3,4,29.576168298721313
10,15,100,8,3,5,29.563819885253906
100,1,0,1,1,1,1.474456548690796
100,1,0,1,1,2,1.4849028587341309
100,1,0,1,1,3,1.4636051654815674
100,1,0,1,1,4,1.4958934783935547
100,1,0,1,1,5,1.4830892086029053
100,1,0,1,3,1,1.489258050918579
100,1,0,1,3,2,1.4726390838623047
100,1,0,1,3,3,1.4628045558929443
100,1,0,1,3,4,1.4791381359100342
100,1,0,1,3,5,2.4682650566101074
100,1,0,2,1,1,1.4816515445709229
100,1,0,2,1,2,1.4793777465820312
100,1,0,2,1,3,1.494842290878296
100,1,0,2,1,4,1.4685289859771729
100,1,0,2,1,5,1.475970983505249
100,1,0,2,3,1,1.4799747467041016
100,1,0,2,3,2,1.4786441326141357
100,1,0,2,3,3,1.4713349342346191
100,1,0,2,3,4,1.4967317581176758
100,1,0,2,3,5,1.4843518733978271
100,1,0,3,1,1,1.4840996265411377
100,1,0,3,1,2,1.4822511672973633
100,1,0,3,1,3,1.4697108268737793
100,1,0,3,1,4,1.485813856124878
100,1,0,3,1,5,1.4859435558319092
100,1,0,3,3,1,1.4938139915466309
100,1,0,3,3,2,1.4864141941070557
100,1,0,3,3,3,1.480365514755249
100,1,0,3,3,4,1.4800114631652832
100,1,0,3,3,5,1.4818105697631836
100,1,0,4,1,1,1.4777929782867432
100,1,0,4,1,2,1.5325839519500732
100,1,0,4,1,3,1.4933710098266602
100,1,0,4,1,4,1.483321189880371
100,1,0,4,1,5,1.4964799880981445
100,1,0,4,3,1,1.4704351425170898
100,1,0,4,3,2,1.4706134796142578
100,1,0,4,3,3,1.4789419174194336
100,1,0,4,3,4,1.493539810180664
100,1,0,4,3,5,1.4881393909454346
100,1,0,8,1,1,1.4846866130828857
100,1,0,8,1,2,1.5025546550750732
100,1,0,8,1,3,1.4943299293518066
100,1,0,8,1,4,1.4902777671813965
100,1,0,8,1,5,1.4791877269744873
100,1,0,8,3,1,1.4788484573364258
100,1,0,8,3,2,1.4986572265625
100,1,0,8,3,3,1.4727756977081299
100,1,0,8,3,4,1.4849371910095215
100,1,0,8,3,5,1.472059965133667
100,1,50,1,1,1,4.476580858230591
100,1,50,1,1,2,4.485769271850586
100,1,50,1,1,3,4.504806995391846
100,1,50,1,1,4,4.49603533744812
100,1,50,1,1,5,4.487187385559082
100,1,50,1,3,1,4.504766225814819
100,1,50,1,3,2,4.487627029418945
100,1,50,1,3,3,4.490318298339844
100,1,50,1,3,4,4.4909327030181885
100,1,50,1,3,5,4.501446008682251
100,1,50,2,1,1,6.5061657428741455
100,1,50,2,1,2,4.4883644580841064
100,1,50,2,1,3,4.51421856880188
100,1,50,2,1,4,4.494938850402832
100,1,50,2,1,5,4.492499113082886
100,1,50,2,3,1,4.510889530181885
100,1,50,2,3,2,4.483665704727173
100,1,50,2,3,3,4.492021560668945
100,1,50,2,3,4,4.498603343963623
100,1,50,2,3,5,4.497251033782959
100,1,50,3,1,1,4.49844765663147
100,1,50,3,1,2,4.484302520751953
100,1,50,3,1,3,4.500943660736084
100,1,50,3,1,4,4.495443105697632
100,1,50,3,1,5,4.481666564941406
100,1,50,3,3,1,4.476733446121216
100,1,50,3,3,2,4.481859922409058
100,1,50,3,3,3,4.4804863929748535
100,1,50,3,3,4,4.50304651260376
100,1,50,3,3,5,4.501165866851807
100,1,50,4,1,1,4.48430323600769
100,1,50,4,1,2,4.489953279495239
100,1,50,4,1,3,4.502372741699219
100,1,50,4,1,4,4.492660760879517
100,1,50,4,1,5,4.483438968658447
100,1,50,4,3,1,4.484551191329956
100,1,50,4,3,2,4.489832639694214
100,1,50,4,3,3,4.483554363250732
100,1,50,4,3,4,4.478818655014038
100,1,50,4,3,5,4.494176626205444
100,1,50,8,1,1,6.4963226318359375
100,1,50,8,1,2,6.488767385482788
100,1,50,8,1,3,6.484308481216431
100,1,50,8,1,4,6.499579191207886
100,1,50,8,1,5,6.484009027481079
100,1,50,8,3,1,6.496607542037964
100,1,50,8,3,2,6.516782760620117
100,1,50,8,3,3,6.493211507797241
100,1,50,8,3,4,6.494967937469482
100,1,50,8,3,5,6.4900407791137695
100,1,100,1,1,1,7.503176927566528
100,1,100,1,1,2,7.4963788986206055
100,1,100,1,1,3,7.496962785720825
100,1,100,1,1,4,7.519996166229248
100,1,100,1,1,5,7.501445055007935
100,1,100,1,3,1,7.5094428062438965
100,1,100,1,3,2,7.505614280700684
100,1,100,1,3,3,7.501635789871216
100,1,100,1,3,4,7.508368492126465
100,1,100,1,3,5,7.514053106307983
100,1,100,2,1,1,7.502429008483887
100,1,100,2,1,2,7.5007312297821045
100,1,100,2,1,3,7.492292404174805
100,1,100,2,1,4,7.50176477432251
100,1,100,2,1,5,7.510257244110107
100,1,100,2,3,1,7.497347831726074
100,1,100,2,3,2,7.503017425537109
100,1,100,2,3,3,7.514584064483643
100,1,100,2,3,4,11.520132064819336
100,1,100,2,3,5,7.496046781539917
100,1,100,3,1,1,7.513002634048462
100,1,100,3,1,2,7.502398729324341
100,1,100,3,1,3,7.502411127090454
100,1,100,3,1,4,7.494171857833862
100,1,100,3,1,5,7.499918222427368
100,1,100,3,3,1,7.496426343917847
100,1,100,3,3,2,7.503794431686401
100,1,100,3,3,3,7.497150182723999
100,1,100,3,3,4,7.508054256439209
100,1,100,3,3,5,7.505149602890015
100,1,100,4,1,1,8.5030357837677
100,1,100,4,1,2,8.49169921875
100,1,100,4,1,3,8.4983811378479
100,1,100,4,1,4,8.484679222106934
100,1,100,4,1,5,8.503182888031006
100,1,100,4,3,1,8.503904819488525
100,1,100,4,3,2,8.520946979522705
100,1,100,4,3,3,8.511374950408936
100,1,100,4,3,4,8.506792068481445
100,1,100,4,3,5,8.504250764846802
100,1,100,8,1,1,10.522140502929688
100,1,100,8,1,2,10.505258560180664
100,1,100,8,1,3,10.51724648475647
100,1,100,8,1,4,10.521687984466553
100,1,100,8,1,5,10.51422905921936
100,1,100,8,3,1,10.517985820770264
100,1,100,8,3,2,10.513757705688477
100,1,100,8,3,3,10.515182971954346
100,1,100,8,3,4,10.506603479385376
100,1,100,8,3,5,10.508039951324463
100,15,0,1,1,1,4.544390678405762
100,15,0,1,1,2,3.465895414352417
100,15,0,1,1,3,3.4779012203216553
100,15,0,1,1,4,4.583461046218872
100,15,0,1,1,5,4.640226364135742
100,15,0,1,3,1,4.578437805175781
100,15,0,1,3,2,4.5664825439453125
100,15,0,1,3,3,4.574382305145264
100,15,0,1,3,4,4.55792498588562
100,15,0,1,3,5,4.50925087928772
100,15,0,2,1,1,2.5814578533172607
100,15,0,2,1,2,2.602642774581909
100,15,0,2,1,3,2.563608407974243
100,15,0,2,1,4,2.5758049488067627
100,15,0,2,1,5,2.575444459915161
100,15,0,2,3,1,2.6093499660491943
100,15,0,2,3,2,2.554382801055908
100,15,0,2,3,3,2.55655574798584
100,15,0,2,3,4,2.57973313331604
100,15,0,2,3,5,2.568037271499634
100,15,0,3,1,1,2.638986110687256
100,15,0,3,1,2,2.5685365200042725
100,15,0,3,1,3,2.56069278717041
100,15,0,3,1,4,2.5575129985809326
100,15,0,3,1,5,2.5652337074279785
100,15,0,3,3,1,2.6027884483337402
100,15,0,3,3,2,2.5368993282318115
100,15,0,3,3,3,2.547184705734253
100,15,0,3,3,4,2.600628137588501
100,15,0,3,3,5,2.5443239212036133
100,15,0,4,1,1,2.581857681274414
100,15,0,4,1,2,2.565836191177368
100,15,0,4,1,3,2.5586302280426025
100,15,0,4,1,4,2.5536141395568848
100,15,0,4,1,5,2.5708534717559814
100,15,0,4,3,1,2.553626537322998
100,15,0,4,3,2,2.5560922622680664
100,15,0,4,3,3,2.545175313949585
100,15,0,4,3,4,2.5594022274017334
100,15,0,4,3,5,2.563523530960083
100,15,0,8,1,1,2.5361833572387695
100,15,0,8,1,2,2.5499563217163086
100,15,0,8,1,3,2.551828145980835
100,15,0,8,1,4,2.568159818649292
100,15,0,8,1,5,2.5806076526641846
100,15,0,8,3,1,2.5667953491210938
100,15,0,8,3,2,2.567131996154785
100,15,0,8,3,3,2.557371139526367
100,15,0,8,3,4,2.5444109439849854
100,15,0,8,3,5,2.623591661453247
100,15,50,1,1,1,12.573198556900024
100,15,50,1,1,2,12.56816577911377
100,15,50,1,1,3,12.567395448684692
100,15,50,1,1,4,12.565524339675903
100,15,50,1,1,5,12.526313543319702
100,15,50,1,3,1,12.533759117126465
100,15,50,1,3,2,12.535942792892456
100,15,50,1,3,3,12.532430410385132
100,15,50,1,3,4,12.543770790100098
100,15,50,1,3,5,12.545235872268677
100,15,50,2,1,1,10.549498796463013
100,15,50,2,1,2,10.549445629119873
100,15,50,2,1,3,10.550872802734375
100,15,50,2,1,4,10.524055242538452
100,15,50,2,1,5,10.52700924873352
100,15,50,2,3,1,10.556761741638184
100,15,50,2,3,2,10.552526950836182
100,15,50,2,3,3,10.550015926361084
100,15,50,2,3,4,10.551525354385376
100,15,50,2,3,5,10.51868748664856
100,15,50,3,1,1,11.522956371307373
100,15,50,3,1,2,11.555548191070557
100,15,50,3,1,3,11.52654504776001
100,15,50,3,1,4,11.54706358909607
100,15,50,3,1,5,11.537087440490723
100,15,50,3,3,1,11.570554733276367
100,15,50,3,3,2,11.523078918457031
100,15,50,3,3,3,11.523836135864258
100,15,50,3,3,4,11.53406548500061
100,15,50,3,3,5,11.526826858520508
100,15,50,4,1,1,12.517728567123413
100,15,50,4,1,2,12.52712082862854
100,15,50,4,1,3,12.521610260009766
100,15,50,4,1,4,12.523174047470093
100,15,50,4,1,5,12.55937123298645
100,15,50,4,3,1,12.531902313232422
100,15,50,4,3,2,12.530754089355469
100,15,50,4,3,3,12.516183137893677
100,15,50,4,3,4,12.556520700454712
100,15,50,4,3,5,12.532323837280273
100,15,50,8,1,1,16.53043222427368
100,15,50,8,1,2,16.529075622558594
100,15,50,8,1,3,16.554450750350952
100,15,50,8,1,4,16.551119565963745
100,15,50,8,1,5,16.562579870224
100,15,50,8,3,1,16.54057741165161
100,15,50,8,3,2,16.55921220779419
100,15,50,8,3,3,16.528660535812378
100,15,50,8,3,4,16.544800519943237
100,15,50,8,3,5,16.545391082763672
100,15,100,1,1,1,20.538753032684326
100,15,100,1,1,2,20.542538166046143
100,15,100,1,1,3,20.54741096496582
100,15,100,1,1,4,20.5727436542511
100,15,100,1,1,5,20.642066955566406
100,15,100,1,3,1,20.604082345962524
100,15,100,1,3,2,20.570430040359497
100,15,100,1,3,3,19.53599190711975
100,15,100,1,3,4,20.57719111442566
100,15,100,1,3,5,20.628382205963135
100,15,100,2,1,1,19.555906534194946
100,15,100,2,1,2,19.559613466262817
100,15,100,2,1,3,19.52334189414978
100,15,100,2,1,4,19.562331199645996
100,15,100,2,1,5,19.61469316482544
100,15,100,2,3,1,19.5566565990448
100,15,100,2,3,2,19.555447101593018
100,15,100,2,3,3,19.544761419296265
100,15,100,2,3,4,19.544578552246094
100,15,100,2,3,5,19.539936304092407
100,15,100,3,1,1,21.56425642967224
100,15,100,3,1,2,21.572360038757324
100,15,100,3,1,3,21.54982018470764
100,15,100,3,1,4,21.54540991783142
100,15,100,3,1,5,21.539894580841064
100,15,100,3,3,1,21.5471351146698
100,15,100,3,3,2,21.54924249649048
100,15,100,3,3,3,21.536678314208984
100,15,100,3,3,4,21.555989027023315
100,15,100,3,3,5,21.554742336273193
100,15,100,4,1,1,22.560972452163696
100,15,100,4,1,2,22.575355529785156
100,15,100,4,1,3,23.585482358932495
100,15,100,4,1,4,23.60650658607483
100,15,100,4,1,5,22.540371417999268
100,15,100,4,3,1,23.661663055419922
100,15,100,4,3,2,22.651468515396118
100,15,100,4,3,3,22.55788779258728
100,15,100,4,3,4,22.56042456626892
100,15,100,4,3,5,22.56285786628723
100,15,100,8,1,1,30.556647777557373
100,15,100,8,1,2,30.58064103126526
100,15,100,8,1,3,30.579472303390503
100,15,100,8,1,4,30.687553644180298
100,15,100,8,1,5,30.663091897964478
100,15,100,8,3,1,30.663673877716064
100,15,100,8,3,2,30.659544467926025
100,15,100,8,3,3,30.57457709312439
100,15,100,8,3,4,30.56854748725891
100,15,100,8,3,5,30.642625093460083
500,1,0,1,1,1,5.5103349685668945
500,1,0,1,1,2,5.508060932159424
500,1,0,1,1,3,5.515957355499268
500,1,0,1,1,4,4.517267465591431
500,1,0,1,1,5,5.522326946258545
500,1,0,1,3,1,5.5608811378479
500,1,0,1,3,2,5.589168071746826
500,1,0,1,3,3,5.50868034362793
500,1,0,1,3,4,4.510972499847412
500,1,0,1,3,5,5.510393857955933
500,1,0,2,1,1,1.5028223991394043
500,1,0,2,1,2,1.4890131950378418
500,1,0,2,1,3,1.4840123653411865
500,1,0,2,1,4,1.4976344108581543
500,1,0,2,1,5,1.5026514530181885
500,1,0,2,3,1,1.479966402053833
500,1,0,2,3,2,1.4920175075531006
500,1,0,2,3,3,1.5120160579681396
500,1,0,2,3,4,1.4935054779052734
500,1,0,2,3,5,1.5005605220794678
500,1,0,3,1,1,2.4995579719543457
500,1,0,3,1,2,1.4921844005584717
500,1,0,3,1,3,1.4850153923034668
500,1,0,3,1,4,1.4943058490753174
500,1,0,3,1,5,1.5019700527191162
500,1,0,3,3,1,1.492269515991211
500,1,0,3,3,2,1.4997360706329346
500,1,0,3,3,3,1.5045781135559082
500,1,0,3,3,4,1.5054693222045898
500,1,0,3,3,5,1.5050954818725586
500,1,0,4,1,1,1.5574760437011719
500,1,0,4,1,2,1.4980559349060059
500,1,0,4,1,3,1.4904367923736572
500,1,0,4,1,4,1.4890308380126953
500,1,0,4,1,5,1.4856235980987549
500,1,0,4,3,1,1.4991140365600586
500,1,0,4,3,2,1.494460105895996
500,1,0,4,3,3,1.4919204711914062
500,1,0,4,3,4,1.5000746250152588
500,1,0,4,3,5,1.4891552925109863
500,1,0,8,1,1,1.49214768409729
500,1,0,8,1,2,1.5031766891479492
500,1,0,8,1,3,1.488004446029663
500,1,0,8,1,4,1.4751110076904297
500,1,0,8,1,5,1.485389232635498
500,1,0,8,3,1,1.497213363647461
500,1,0,8,3,2,1.4948480129241943
500,1,0,8,3,3,1.4879755973815918
500,1,0,8,3,4,1.484889268875122
500,1,0,8,3,5,1.4948720932006836
500,1,50,1,1,1,7.514405965805054
500,1,50,1,1,2,7.522741317749023
500,1,50,1,1,3,7.522638559341431
500,1,50,1,1,4,7.514950513839722
500,1,50,1,1,5,7.511065483093262
500,1,50,1,3,1,7.5177321434021
500,1,50,1,3,2,7.5128865242004395
500,1,50,1,3,3,7.512415170669556
500,1,50,1,3,4,7.513593673706055
500,1,50,1,3,5,7.523414134979248
500,1,50,2,1,1,4.496902227401733
500,1,50,2,1,2,4.504900932312012
500,1,50,2,1,3,4.498960256576538
500,1,50,2,1,4,4.496701002120972
500,1,50,2,1,5,4.510804176330566
500,1,50,2,3,1,4.52329421043396
500,1,50,2,3,2,4.494703769683838
500,1,50,2,3,3,4.513338804244995
500,1,50,2,3,4,4.505417108535767
500,1,50,2,3,5,4.499652624130249
500,1,50,3,1,1,4.505284309387207
500,1,50,3,1,2,4.4872987270355225
500,1,50,3,1,3,4.505613327026367
500,1,50,3,1,4,4.511660099029541
500,1,50,3,1,5,4.4858317375183105
500,1,50,3,3,1,4.506516218185425
500,1,50,3,3,2,4.496512413024902
500,1,50,3,3,3,4.503040552139282
500,1,50,3,3,4,4.501207113265991
500,1,50,3,3,5,4.508565425872803
500,1,50,4,1,1,4.523367643356323
500,1,50,4,1,2,4.501589059829712
500,1,50,4,1,3,4.517149448394775
500,1,50,4,1,4,4.503599166870117
500,1,50,4,1,5,4.501160621643066
500,1,50,4,3,1,4.5081281661987305
500,1,50,4,3,2,4.502870559692383
500,1,50,4,3,3,4.495814561843872
500,1,50,4,3,4,4.500511646270752
500,1,50,4,3,5,4.489965915679932
500,1,50,8,1,1,6.5155251026153564
500,1,50,8,1,2,6.4972312450408936
500,1,50,8,1,3,6.496870040893555
500,1,50,8,1,4,6.50505256652832
500,1,50,8,1,5,6.499650001525879
500,1,50,8,3,1,6.508147716522217
500,1,50,8,3,2,6.510274171829224
500,1,50,8,3,3,6.496470928192139
500,1,50,8,3,4,6.504899740219116
500,1,50,8,3,5,6.514929294586182
500,1,100,1,1,1,10.548459529876709
500,1,100,1,1,2,10.518211126327515
500,1,100,1,1,3,10.51690125465393
500,1,100,1,1,4,10.540147304534912
500,1,100,1,1,5,10.51429033279419
500,1,100,1,3,1,10.517964124679565
500,1,100,1,3,2,10.554901361465454
500,1,100,1,3,3,10.514554977416992
500,1,100,1,3,4,10.533780813217163
500,1,100,1,3,5,10.516995906829834
500,1,100,2,1,1,7.508634090423584
500,1,100,2,1,2,7.501647233963013
500,1,100,2,1,3,7.521275997161865
500,1,100,2,1,4,7.520106554031372
500,1,100,2,1,5,7.542232513427734
500,1,100,2,3,1,7.499399423599243
500,1,100,2,3,2,7.528573751449585
500,1,100,2,3,3,7.505740642547607
500,1,100,2,3,4,7.521731853485107
500,1,100,2,3,5,7.532119274139404
500,1,100,3,1,1,7.511890411376953
500,1,100,3,1,2,7.506322860717773
500,1,100,3,1,3,7.515543222427368
500,1,100,3,1,4,7.5162458419799805
500,1,100,3,1,5,7.519726276397705
500,1,100,3,3,1,7.520916223526001
500,1,100,3,3,2,7.505017280578613
500,1,100,3,3,3,7.526421308517456
500,1,100,3,3,4,7.508098602294922
500,1,100,3,3,5,7.530216932296753
500,1,100,4,1,1,8.51174521446228
500,1,100,4,1,2,8.541987419128418
500,1,100,4,1,3,8.611139059066772
500,1,100,4,1,4,8.527001857757568
500,1,100,4,1,5,8.531478881835938
500,1,100,4,3,1,8.564293146133423
500,1,100,4,3,2,8.539363384246826
500,1,100,4,3,3,8.528399229049683
500,1,100,4,3,4,8.527957439422607
500,1,100,4,3,5,8.519495487213135
500,1,100,8,1,1,10.519139051437378
500,1,100,8,1,2,10.518630504608154
500,1,100,8,1,3,10.521046161651611
500,1,100,8,1,4,10.527036190032959
500,1,100,8,1,5,10.526705026626587
500,1,100,8,3,1,10.517616987228394
500,1,100,8,3,2,10.509535312652588
500,1,100,8,3,3,10.531358242034912
500,1,100,8,3,4,10.538877487182617
500,1,100,8,3,5,10.52951192855835
500,15,0,1,1,1,14.52975583076477
500,15,0,1,1,2,16.544403553009033
500,15,0,1,1,3,16.52695655822754
500,15,0,1,1,4,16.546066999435425
500,15,0,1,1,5,16.60531759262085
500,15,0,1,3,1,16.610825300216675
500,15,0,1,3,2,16.5316321849823
500,15,0,1,3,3,16.538628339767456
500,15,0,1,3,4,16.555490016937256
500,15,0,1,3,5,16.547847270965576
500,15,0,2,1,1,8.517881631851196
500,15,0,2,1,2,8.520066499710083
500,15,0,2,1,3,8.515543937683105
500,15,0,2,1,4,8.506065607070923
500,15,0,2,1,5,8.523797512054443
500,15,0,2,3,1,8.542282342910767
500,15,0,2,3,2,8.513732433319092
500,15,0,2,3,3,8.515873193740845
500,15,0,2,3,4,8.511600971221924
500,15,0,2,3,5,8.532623529434204
500,15,0,3,1,1,8.517372608184814
500,15,0,3,1,2,8.504120588302612
500,15,0,3,1,3,8.50256896018982
500,15,0,3,1,4,8.522427082061768
500,15,0,3,1,5,8.520445585250854
500,15,0,3,3,1,9.512501239776611
500,15,0,3,3,2,8.51355266571045
500,15,0,3,3,3,8.525098085403442
500,15,0,3,3,4,8.517349481582642
500,15,0,3,3,5,8.546424865722656
500,15,0,4,1,1,8.515068769454956
500,15,0,4,1,2,8.518926620483398
500,15,0,4,1,3,8.51820182800293
500,15,0,4,1,4,8.507756471633911
500,15,0,4,1,5,8.529009819030762
500,15,0,4,3,1,8.510520458221436
500,15,0,4,3,2,8.525548219680786
500,15,0,4,3,3,8.513899326324463
500,15,0,4,3,4,8.510293960571289
500,15,0,4,3,5,10.528956174850464
500,15,0,8,1,1,10.535037994384766
500,15,0,8,1,2,8.510989665985107
500,15,0,8,1,3,8.497515678405762
500,15,0,8,1,4,8.52121877670288
500,15,0,8,1,5,8.512532472610474
500,15,0,8,3,1,8.534314632415771
500,15,0,8,3,2,8.502873420715332
500,15,0,8,3,3,8.518555641174316
500,15,0,8,3,4,8.520601034164429
500,15,0,8,3,5,8.534596681594849
500,15,50,1,1,1,24.5639967918396
500,15,50,1,1,2,24.545766592025757
500,15,50,1,1,3,24.55475902557373
500,15,50,1,1,4,24.570340156555176
500,15,50,1,1,5,24.551960468292236
500,15,50,1,3,1,24.549919843673706
500,15,50,1,3,2,24.56205463409424
500,15,50,1,3,3,24.539352655410767
500,15,50,1,3,4,24.55841636657715
500,15,50,1,3,5,24.53246021270752
500,15,50,2,1,1,16.6002197265625
500,15,50,2,1,2,16.546250343322754
500,15,50,2,1,3,16.54270029067993
500,15,50,2,1,4,16.550891876220703
500,15,50,2,1,5,16.54723596572876
500,15,50,2,3,1,16.56492590904236
500,15,50,2,3,2,16.52826189994812
500,15,50,2,3,3,16.539416074752808
500,15,50,2,3,4,16.53499984741211
500,15,50,2,3,5,16.533976316452026
500,15,50,3,1,1,16.534703969955444
500,15,50,3,1,2,19.563315868377686
500,15,50,3,1,3,16.548341989517212
500,15,50,3,1,4,19.556554079055786
500,15,50,3,1,5,18.547592878341675
500,15,50,3,3,1,19.538968801498413
500,15,50,3,3,2,18.546655416488647
500,15,50,3,3,3,18.547554969787598
500,15,50,3,3,4,19.551790475845337
500,15,50,3,3,5,19.56383490562439
500,15,50,4,1,1,16.539469480514526
500,15,50,4,1,2,16.56142520904541
500,15,50,4,1,3,16.54410219192505
500,15,50,4,1,4,16.543057680130005
500,15,50,4,1,5,16.552825689315796
500,15,50,4,3,1,19.56272530555725
500,15,50,4,3,2,18.539966344833374
500,15,50,4,3,3,19.535253763198853
500,15,50,4,3,4,16.562407970428467
500,15,50,4,3,5,16.539693355560303
500,15,50,8,1,1,20.62528705596924
500,15,50,8,1,2,17.550276041030884
500,15,50,8,1,3,20.543828010559082
500,15,50,8,1,4,18.53581976890564
500,15,50,8,1,5,18.53386163711548
500,15,50,8,3,1,18.564469814300537
500,15,50,8,3,2,18.544785976409912
500,15,50,8,3,3,18.5409939289093
500,15,50,8,3,4,18.541451930999756
500,15,50,8,3,5,18.53396511077881
500,15,100,1,1,1,31.57904314994812
500,15,100,1,1,2,32.59623742103577
500,15,100,1,1,3,31.572872638702393
500,15,100,1,1,4,31.59012722969055
500,15,100,1,1,5,31.582306623458862
500,15,100,1,3,1,31.57874608039856
500,15,100,1,3,2,31.547667741775513
500,15,100,1,3,3,31.577373266220093
500,15,100,1,3,4,31.581480503082275
500,15,100,1,3,5,32.57606506347656
500,15,100,2,1,1,24.561767101287842
500,15,100,2,1,2,24.55655312538147
500,15,100,2,1,3,24.582639694213867
500,15,100,2,1,4,24.548102378845215
500,15,100,2,1,5,24.563743829727173
500,15,100,2,3,1,24.553197622299194
500,15,100,2,3,2,24.588505029678345
500,15,100,2,3,3,24.570723295211792
500,15,100,2,3,4,24.5575852394104
500,15,100,2,3,5,24.565662145614624
500,15,100,3,1,1,24.555266618728638
500,15,100,3,1,2,27.588932752609253
500,15,100,3,1,3,27.566885709762573
500,15,100,3,1,4,24.580390691757202
500,15,100,3,1,5,26.572736978530884
500,15,100,3,3,1,27.593913793563843
500,15,100,3,3,2,24.574724197387695
500,15,100,3,3,3,27.582674264907837
500,15,100,3,3,4,27.583616018295288
500,15,100,3,3,5,24.573715686798096
500,15,100,4,1,1,25.569040298461914
500,15,100,4,1,2,25.56378984451294
500,15,100,4,1,3,27.571375608444214
500,15,100,4,1,4,28.58540439605713
500,15,100,4,1,5,25.56158757209778
500,15,100,4,3,1,25.562835693359375
500,15,100,4,3,2,25.55149006843567
500,15,100,4,3,3,25.540127992630005
500,15,100,4,3,4,25.578352212905884
500,15,100,4,3,5,26.57500195503235
500,15,100,8,1,1,31.587229251861572
500,15,100,8,1,2,30.592409133911133
500,15,100,8,1,3,32.57943367958069
500,15,100,8,1,4,31.57157564163208
500,15,100,8,1,5,32.57217836380005
500,15,100,8,3,1,32.605161905288696
500,15,100,8,3,2,32.585572242736816
500,15,100,8,3,3,30.59869360923767
500,15,100,8,3,4,30.58456540107727
500,15,100,8,3,5,30.573012113571167